﻿{"ContextClassName":"ScormthinclientContext","DefaultDacpacSchema":null,"IdReplace":false,"IncludeConnectionString":false,"OutputPath":"Data\\ModelSCORM","ProjectRootNamespace":"OpenSourceSCORMLMS","SelectedToBeGenerated":2,"Tables":["dbo.cmi_comment_from_learner","dbo.cmi_comment_from_lms","dbo.cmi_core","dbo.cmi_data","dbo.cmi_interactions","dbo.cmi_interactions_correct_responses","dbo.cmi_interactions_objectives","dbo.cmi_objectives","dbo.cmi_student_preference","dbo.Log","dbo.session","dbo.Users"],"UseDatabaseNames":true,"UseFluentApiOnly":false,"UseHandleBars":false,"UseInflector":false}